decade,term,rank,neighbor,similarity
1990s,china,1.0,chinese,0.6384302164390215
1990s,china,2.0,chinas,0.5868012246790074
1990s,china,3.0,hong_kong,0.5846294267003098
1990s,china,4.0,trade,0.5658724310080381
1990s,china,5.0,us,0.5528541837230629
1990s,china,6.0,political,0.5465049966632205
1990s,china,7.0,beijing,0.5382406130818012
1990s,china,8.0,world,0.5304319160744084
1990s,china,9.0,american,0.5248645774753083
1990s,china,10.0,international,0.5223512648379919
1990s,china,11.0,photo,0.5215802654149926
1990s,china,12.0,human_rights,0.5163102162580316
1990s,china,13.0,government,0.5140030002776422
1990s,china,14.0,says,0.5123383793534538
1990s,china,15.0,united_states,0.5122678077285094
1990s,china,16.0,pres,0.4973140533283431
1990s,china,17.0,clinton,0.4957962726445353
1990s,china,18.0,economic,0.4937194021821629
1990s,china,19.0,first,0.4814174967934674
1990s,china,20.0,relations,0.4764362835499186
1990s,trade,1.0,international,0.5946502703891555
1990s,trade,2.0,world_trade_organization,0.5934523126892065
1990s,trade,3.0,human_rights,0.589172822715236
1990s,trade,4.0,relations,0.5855251853160229
1990s,trade,5.0,us,0.5719122768096488
1990s,trade,6.0,china,0.5658724310080381
1990s,trade,7.0,world,0.5629581051630973
1990s,trade,8.0,market,0.5322712938228586
1990s,trade,9.0,united_states,0.5287370026951643
1990s,trade,10.0,comments,0.5265603775735139
1990s,trade,11.0,economic,0.5243824091228876
1990s,trade,12.0,promote,0.5223000875859027
1990s,trade,13.0,status,0.5101449531925282
1990s,trade,14.0,entry,0.5082584191546401
1990s,trade,15.0,discussed,0.5052257512056737
1990s,trade,16.0,issues,0.4927941276014317
1990s,trade,17.0,abuses,0.48942946128378917
1990s,trade,18.0,officials,0.4856619801522076
1990s,trade,19.0,negotiator,0.4854633451793532
1990s,trade,20.0,chinas,0.4787922275499933
1990s,market,1.0,stocks,0.6566924226994226
1990s,market,2.0,stock,0.6247083653484521
1990s,market,3.0,investments,0.6148646004218339
1990s,market,4.0,systems,0.6093268656699367
1990s,market,5.0,companies,0.5817947766659699
1990s,market,6.0,shares,0.5776778143302674
1990s,market,7.0,investors,0.5725342826438464
1990s,market,8.0,world,0.5649522668225451
1990s,market,9.0,bonds,0.563855388759902
1990s,market,10.0,chinainternational,0.5519732080352139
1990s,market,11.0,trends,0.546661087706704
1990s,market,12.0,bermuda,0.5424451607466169
1990s,market,13.0,sales,0.539345544514258
1990s,market,14.0,computers,0.5366677016495721
1990s,market,15.0,conditions,0.533495908969917
1990s,market,16.0,dragon,0.5326730845718161
1990s,market,17.0,trade,0.5322712938228586
1990s,market,18.0,foreign,0.5302893495402392
1990s,market,19.0,government,0.5219187034324521
1990s,market,20.0,exchange,0.51484052034318
1990s,investment,1.0,stateowned,0.6406003017441881
1990s,investment,2.0,banking,0.6010094179799093
1990s,investment,3.0,stock,0.5723689097160384
1990s,investment,4.0,local,0.5673585652187014
1990s,investment,5.0,corp,0.5629013739966593
1990s,investment,6.0,company,0.5549585061642678
1990s,investment,7.0,monday,0.545108518538653
1990s,investment,8.0,performance,0.5388350608453656
1990s,investment,9.0,ltd,0.5273245274447678
1990s,investment,10.0,concern,0.5168831451337255
1990s,investment,11.0,credit,0.5068233885661456
1990s,investment,12.0,resume,0.505575036281201
1990s,investment,13.0,decline,0.49643743826303444
1990s,investment,14.0,market,0.49511797875828684
1990s,investment,15.0,apartment,0.49344686486859357
1990s,investment,16.0,citic,0.49262428398142355
1990s,investment,17.0,standard,0.48919652646827316
1990s,investment,18.0,systems,0.4761552698478422
1990s,investment,19.0,investors,0.46992645568233254
1990s,investment,20.0,stocks,0.4667029151672488
1990s,technology,1.0,restrictions,0.6648489880916137
1990s,technology,2.0,nuclear,0.6343999476312672
1990s,technology,3.0,weapons,0.6133110477795624
1990s,technology,4.0,selling,0.5752585129791066
1990s,technology,5.0,supercomputers,0.5673679903550066
1990s,technology,6.0,russia,0.5536846557309526
1990s,technology,7.0,ibm,0.5468306931822018
1990s,technology,8.0,proliferation,0.5415073987094319
1990s,technology,9.0,monetary,0.5369672632205567
1990s,technology,10.0,pakistan,0.5286299124336831
1990s,technology,11.0,sale,0.5284290281911762
1990s,technology,12.0,cia,0.5283360252941552
1990s,technology,13.0,computers,0.5229402538014661
1990s,technology,14.0,improve,0.5221195757139033
1990s,technology,15.0,arms,0.5105533833749982
1990s,technology,16.0,concerns,0.5066236860532677
1990s,technology,17.0,systems,0.500930392761596
1990s,technology,18.0,urges,0.5001335399233513
1990s,technology,19.0,approval,0.497289029632822
1990s,technology,20.0,action,0.48688468335482216
1990s,security,1.0,council,0.7424969054969439
1990s,security,2.0,military,0.5827555332460109
1990s,security,3.0,forces,0.5804330930560964
1990s,security,4.0,united,0.5732741116896702
1990s,security,5.0,contends,0.5687474017226817
1990s,security,6.0,nations,0.5440740492221368
1990s,security,7.0,broad,0.5395824850337837
1990s,security,8.0,iraq,0.529357816139991
1990s,security,9.0,rouge,0.525991672069009
1990s,security,10.0,system,0.520727961536977
1990s,security,11.0,deals,0.509379101178965
1990s,security,12.0,khmer,0.5039493741116309
1990s,security,13.0,un,0.5037021466807374
1990s,security,14.0,butler,0.5024460276833437
1990s,security,15.0,appears,0.5020079398764721
1990s,security,16.0,gives,0.49378530273113497
1990s,security,17.0,almost,0.48933245054933594
1990s,security,18.0,monitor,0.4890617474748663
1990s,security,19.0,sites,0.48625875577639066
1990s,security,20.0,activities,0.48351541068758086
1990s,taiwan,1.0,lee,0.7387207281077582
1990s,taiwan,2.0,taiwans,0.6947187885721449
1990s,taiwan,3.0,tenghui,0.6837594380381806
1990s,taiwan,4.0,mainland,0.6486035167293945
1990s,taiwan,5.0,despite,0.5698042460413663
1990s,taiwan,6.0,closer,0.5678656685155321
1990s,taiwan,7.0,independence,0.5617406025828667
1990s,taiwan,8.0,promise,0.5545681622599222
1990s,taiwan,9.0,continue,0.5544687757299825
1990s,taiwan,10.0,official,0.5519358980623956
1990s,taiwan,11.0,taking,0.5422843627313418
1990s,taiwan,12.0,resisting,0.5360685499679967
1990s,taiwan,13.0,edge,0.5340590691421174
1990s,taiwan,14.0,pressure,0.5339268607202605
1990s,taiwan,15.0,force,0.5257484497798435
1990s,taiwan,16.0,waiting,0.512079620293747
1990s,taiwan,17.0,political,0.5097795778968676
1990s,taiwan,18.0,discusses,0.5086184355475141
1990s,taiwan,19.0,deal,0.5011394317374036
1990s,taiwan,20.0,question,0.49002700783813835
1990s,chip,,term_not_in_vocabulary,
1990s,semiconductor,,term_not_in_vocabulary,
1990s,competition,1.0,newsstand,0.6870675457536313
1990s,competition,2.0,spends,0.6863999591411326
1990s,competition,3.0,layers,0.5805482899132567
1990s,competition,4.0,queen,0.5468556824489814
1990s,competition,5.0,cover,0.5428055597319564
1990s,competition,6.0,industries,0.4967936032705041
1990s,competition,7.0,far,0.49434757207616425
1990s,competition,8.0,december,0.47785201435409297
1990s,competition,9.0,private,0.4663628449986351
1990s,competition,10.0,white,0.4622950571017426
1990s,competition,11.0,southeast,0.45176012605845955
1990s,competition,12.0,coming,0.448767238761752
1990s,competition,13.0,many,0.44160854728433185
1990s,competition,14.0,read,0.4392675742385669
1990s,competition,15.0,neighbors,0.42981539011006864
1990s,competition,16.0,came,0.4271538086041958
1990s,competition,17.0,go,0.42569052294259624
1990s,competition,18.0,bigger,0.407553492950642
1990s,competition,19.0,willing,0.40440897611050564
1990s,competition,20.0,ad,0.4024567395862021
2000s,china,1.0,chinese,0.8154602108570929
2000s,china,2.0,us,0.7065081402819066
2000s,china,3.0,chinas,0.70052076562009
2000s,china,4.0,government,0.6914469155925826
2000s,china,5.0,says,0.6768726317674459
2000s,china,6.0,united_states,0.660938537802598
2000s,china,7.0,photo,0.6473221943402374
2000s,china,8.0,trade,0.6470796611194031
2000s,china,9.0,international,0.6403665158532472
2000s,china,10.0,first,0.6210438467721567
2000s,china,11.0,american,0.6201685163198734
2000s,china,12.0,years,0.6199395157153322
2000s,china,13.0,world,0.6161371922178078
2000s,china,14.0,officials,0.6017803636003045
2000s,china,15.0,said,0.6014120357664319
2000s,china,16.0,economy,0.5986855303808681
2000s,china,17.0,would,0.5927117113015052
2000s,china,18.0,last,0.5893557173836086
2000s,china,19.0,company,0.5859556475752259
2000s,china,20.0,many,0.5823997809212708
2000s,trade,1.0,international,0.7174808930443242
2000s,trade,2.0,world,0.716036841281134
2000s,trade,3.0,market,0.7092180703257873
2000s,trade,4.0,china,0.6470796611194031
2000s,trade,5.0,europe,0.6321875924717328
2000s,trade,6.0,us,0.6264352206242708
2000s,trade,7.0,economic,0.6064913979422021
2000s,trade,8.0,japan,0.6008170756761981
2000s,trade,9.0,countries,0.5922598498544109
2000s,trade,10.0,united_states,0.5915227699725757
2000s,trade,11.0,world_trade_organization,0.5897647911881027
2000s,trade,12.0,labor,0.5889472706840129
2000s,trade,13.0,major,0.5744732581443919
2000s,trade,14.0,imports,0.5736030373905817
2000s,trade,15.0,foreign,0.5680990976119455
2000s,trade,16.0,banks,0.5517994443383731
2000s,trade,17.0,relations,0.5485581448155494
2000s,trade,18.0,defense,0.5481382610543654
2000s,trade,19.0,bank,0.5464504569187201
2000s,trade,20.0,customs,0.5445323688501993
2000s,market,1.0,trade,0.7092180703257873
2000s,market,2.0,world,0.6560439005955009
2000s,market,3.0,currency,0.6267796738420495
2000s,market,4.0,investment,0.6231901573927051
2000s,market,5.0,customs,0.6213562411815583
2000s,market,6.0,banks,0.6159856391310845
2000s,market,7.0,year,0.6154315211438022
2000s,market,8.0,economy,0.6057281873414808
2000s,market,9.0,trading,0.5874842925660403
2000s,market,10.0,bank,0.5845311027281592
2000s,market,11.0,china,0.5800029610603403
2000s,market,12.0,futures,0.5771959974710896
2000s,market,13.0,tariff,0.5758381040775703
2000s,market,14.0,economic,0.5685792839446008
2000s,market,15.0,international,0.568120808143565
2000s,market,16.0,rates,0.5644268476751926
2000s,market,17.0,law,0.5622151780609698
2000s,market,18.0,stocks,0.5595646290246481
2000s,market,19.0,companies,0.5583356251018619
2000s,market,20.0,foreign,0.5581975040499009
2000s,investment,1.0,fund,0.7404237784156025
2000s,investment,2.0,market,0.6231901573927051
2000s,investment,3.0,agriculture,0.6029649548981311
2000s,investment,4.0,bank,0.6005976937234088
2000s,investment,5.0,deal,0.5880299068779038
2000s,investment,6.0,million,0.5845631888134215
2000s,investment,7.0,steel,0.5753030710465228
2000s,investment,8.0,markets,0.5744657761668814
2000s,investment,9.0,billion,0.5695935747511519
2000s,investment,10.0,started,0.5687065424454771
2000s,investment,11.0,partners,0.5532918519577092
2000s,investment,12.0,money,0.5527548718089544
2000s,investment,13.0,investors,0.5471044998146669
2000s,investment,14.0,investing,0.5461923921108675
2000s,investment,15.0,consumer,0.5442714055051754
2000s,investment,16.0,companies,0.5421393221682478
2000s,investment,17.0,percent,0.5420753274792762
2000s,investment,18.0,financial,0.5411312112468897
2000s,investment,19.0,products,0.5369453546388732
2000s,investment,20.0,development,0.5351895289426283
2000s,technology,1.0,program,0.5734794888082062
2000s,technology,2.0,agencies,0.563582545670166
2000s,technology,3.0,weapons,0.5492876432500643
2000s,technology,4.0,pakistan,0.5445060827237657
2000s,technology,5.0,programs,0.5422205979556582
2000s,technology,6.0,believe,0.5418851858905791
2000s,technology,7.0,nuclear,0.5354133876361546
2000s,technology,8.0,response,0.5347660368554641
2000s,technology,9.0,intelligence,0.5344609219040071
2000s,technology,10.0,inc,0.5291313223714635
2000s,technology,11.0,sales,0.5273110161580498
2000s,technology,12.0,moves,0.5231981178028366
2000s,technology,13.0,threat,0.5228908546074328
2000s,technology,14.0,experts,0.5202220645903683
2000s,technology,15.0,diplomatic,0.5201766360089176
2000s,technology,16.0,missile,0.5195062899869409
2000s,technology,17.0,higher,0.519442021900724
2000s,technology,18.0,build,0.5169010370533269
2000s,technology,19.0,conflicts,0.5128641646222432
2000s,technology,20.0,shield,0.512732022632812
2000s,security,1.0,council,0.7494724647695509
2000s,security,2.0,travel,0.6766427866349289
2000s,security,3.0,administration,0.6375317239893138
2000s,security,4.0,iraq,0.6153793318898286
2000s,security,5.0,government,0.6006124198580598
2000s,security,6.0,united,0.5978823575425933
2000s,security,7.0,un,0.5937212179325484
2000s,security,8.0,warning,0.5910933123934258
2000s,security,9.0,sanctions,0.5903185094423646
2000s,security,10.0,nations,0.5891001638969023
2000s,security,11.0,defense,0.5745107510527219
2000s,security,12.0,could,0.5737413980909987
2000s,security,13.0,systems,0.5571716311790781
2000s,security,14.0,relations,0.555660462065534
2000s,security,15.0,opposition,0.5541542987739588
2000s,security,16.0,weapons,0.5535326052279188
2000s,security,17.0,china,0.540790398152321
2000s,security,18.0,russia,0.5399692011924987
2000s,security,19.0,troops,0.536116229687299
2000s,security,20.0,possible,0.5331271227436214
2000s,taiwan,1.0,shuibian,0.7264840413987657
2000s,taiwan,2.0,mainland,0.6935572395976211
2000s,taiwan,3.0,chen,0.6911408681948854
2000s,taiwan,4.0,links,0.6691369975034163
2000s,taiwan,5.0,taipei,0.660851534080189
2000s,taiwan,6.0,taiwanese,0.6287238817631298
2000s,taiwan,7.0,sharply,0.6005285303921304
2000s,taiwan,8.0,causing,0.5849412648893253
2000s,taiwan,9.0,contends,0.5844550785627816
2000s,taiwan,10.0,military,0.5814348745411866
2000s,taiwan,11.0,women,0.5755546294307288
2000s,taiwan,12.0,editorial,0.5622060542651374
2000s,taiwan,13.0,tensions,0.5593177445076446
2000s,taiwan,14.0,separated,0.5585472597957221
2000s,taiwan,15.0,war,0.5534144147352797
2000s,taiwan,16.0,kept,0.552892195637488
2000s,taiwan,17.0,president,0.552786570785503
2000s,taiwan,18.0,dangerous,0.5430193516702719
2000s,taiwan,19.0,serious,0.5417941739891597
2000s,taiwan,20.0,saying,0.5415347475272758
2000s,chip,,term_not_in_vocabulary,
2000s,semiconductor,,term_not_in_vocabulary,
2000s,competition,1.0,rising,0.6195574819938392
2000s,competition,2.0,growing,0.6111052611801576
2000s,competition,3.0,sectors,0.5577420436882639
2000s,competition,4.0,win,0.5523856962917375
2000s,competition,5.0,assets,0.537338990537785
2000s,competition,6.0,potentially,0.5361278514724289
2000s,competition,7.0,currency,0.5336348217278797
2000s,competition,8.0,received,0.5319673390698612
2000s,competition,9.0,discusses,0.5297680677360321
2000s,competition,10.0,labor,0.5296523513247067
2000s,competition,11.0,countries,0.5283726715709769
2000s,competition,12.0,europe,0.5216413055539596
2000s,competition,13.0,wages,0.5215483199292836
2000s,competition,14.0,global,0.5191750561740994
2000s,competition,15.0,textiles,0.518113797073771
2000s,competition,16.0,compete,0.517891263992142
2000s,competition,17.0,india,0.5143811940967011
2000s,competition,18.0,computers,0.5142241471909632
2000s,competition,19.0,reserves,0.5118364159247851
2000s,competition,20.0,rivals,0.5109670148249247
2010s,china,1.0,chinese,0.7690698941812337
2010s,china,2.0,united_states,0.6890123066555173
2010s,china,3.0,government,0.6541001133009012
2010s,china,4.0,beijing,0.6404317541909772
2010s,china,5.0,international,0.6390675257526952
2010s,china,6.0,us,0.6372138004267637
2010s,china,7.0,world,0.5995584146692257
2010s,china,8.0,president,0.5933108652083678
2010s,china,9.0,xi_jinping,0.5808649462742463
2010s,china,10.0,said,0.5780899113602166
2010s,china,11.0,may,0.5750585695274123
2010s,china,12.0,global,0.5737193737623658
2010s,china,13.0,country,0.5724976371062063
2010s,china,14.0,trade,0.5722511538219919
2010s,china,15.0,communist_party,0.5687172040900614
2010s,china,16.0,american,0.5587516108791022
2010s,china,17.0,economic,0.5584150824942814
2010s,china,18.0,one,0.547332184971599
2010s,china,19.0,trump,0.5431421202511332
2010s,china,20.0,hong_kong,0.5332927492860533
2010s,trade,1.0,market,0.7650288856792493
2010s,trade,2.0,world,0.7229670811434007
2010s,trade,3.0,international,0.6672914440549371
2010s,trade,4.0,united_states,0.5890898842239684
2010s,trade,5.0,trump,0.5817300751829946
2010s,trade,6.0,china,0.5722511538219919
2010s,trade,7.0,countries,0.566136989389556
2010s,trade,8.0,europe,0.5427670757512428
2010s,trade,9.0,global,0.5358372281093442
2010s,trade,10.0,partnership,0.5334385337279745
2010s,trade,11.0,us,0.5292944845760621
2010s,trade,12.0,transpacific,0.5244308131607576
2010s,trade,13.0,tariffs,0.5145620316077276
2010s,trade,14.0,government,0.5104036032691186
2010s,trade,15.0,president,0.5084024603291208
2010s,trade,16.0,markets,0.5065162894578549
2010s,trade,17.0,mexico,0.5048008051578562
2010s,trade,18.0,politics,0.5028633554771927
2010s,trade,19.0,economy,0.5019870318902427
2010s,trade,20.0,making,0.5001236121203245
2010s,market,1.0,world,0.7797795643284418
2010s,market,2.0,trade,0.7650288856792493
2010s,market,3.0,international,0.6158039428837738
2010s,market,4.0,economy,0.5921236724673297
2010s,market,5.0,energy,0.58035922880377
2010s,market,6.0,global,0.5753566950598836
2010s,market,7.0,economic,0.5684542179278408
2010s,market,8.0,tariff,0.5630464589989144
2010s,market,9.0,trends,0.5502850868892702
2010s,market,10.0,conditions,0.5476942738774092
2010s,market,11.0,united_states,0.5303169133493175
2010s,market,12.0,customs,0.5295080696532865
2010s,market,13.0,could,0.5196487058697039
2010s,market,14.0,falling,0.5191042130632395
2010s,market,15.0,currency,0.5188398163700472
2010s,market,16.0,europe,0.510271711167783
2010s,market,17.0,european,0.5077539116454902
2010s,market,18.0,china,0.5002021707793349
2010s,market,19.0,stocks,0.4990220632073117
2010s,market,20.0,countries,0.4967034887185477
2010s,investment,1.0,holdings,0.6815477913443344
2010s,investment,2.0,bank,0.6602851978663391
2010s,investment,3.0,airport,0.6175249381784551
2010s,investment,4.0,buy,0.5972691858732998
2010s,investment,5.0,stake,0.5771125179041737
2010s,investment,6.0,billion,0.5735353826018486
2010s,investment,7.0,percent,0.5663566736080553
2010s,investment,8.0,value,0.5634945871962079
2010s,investment,9.0,trading,0.5496925030241816
2010s,investment,10.0,firm,0.5474900450145145
2010s,investment,11.0,corporation,0.5371802936205576
2010s,investment,12.0,vehicle,0.52866393004734
2010s,investment,13.0,agreed,0.5283330726059067
2010s,investment,14.0,electric,0.5237502213571315
2010s,investment,15.0,speculation,0.5232701802842089
2010s,investment,16.0,fund,0.5221033622100428
2010s,investment,17.0,toward,0.5212418374587678
2010s,investment,18.0,plc,0.5171567432670952
2010s,investment,19.0,cars,0.5136709220369741
2010s,investment,20.0,acquisitions,0.5133001078385582
2010s,technology,1.0,science,0.5701304139747054
2010s,technology,2.0,computer,0.5503240717531617
2010s,technology,3.0,computers,0.5500586622994638
2010s,technology,4.0,tech,0.5491794300394195
2010s,technology,5.0,giants,0.5447882881654651
2010s,technology,6.0,ipad,0.5443513638479665
2010s,technology,7.0,ltd,0.5336205013187415
2010s,technology,8.0,huawei,0.5316315307801986
2010s,technology,9.0,internet,0.5227142526471129
2010s,technology,10.0,settled,0.5194834188802513
2010s,technology,11.0,apple,0.5109547286362527
2010s,technology,12.0,censorship,0.5100940404442079
2010s,technology,13.0,back,0.5071481031986426
2010s,technology,14.0,latest,0.5066234711759194
2010s,technology,15.0,conference,0.504514209443206
2010s,technology,16.0,names,0.5016585675438748
2010s,technology,17.0,top,0.5014702996348872
2010s,technology,18.0,american,0.4944199098281885
2010s,technology,19.0,fascination,0.49089717082113593
2010s,technology,20.0,shareholders,0.4867134562817832
2010s,security,1.0,un,0.6859070795921589
2010s,security,2.0,cyberwarfare,0.6197197454496225
2010s,security,3.0,law,0.5741863036256366
2010s,security,4.0,threats,0.5729362391687465
2010s,security,5.0,council,0.5695481280854002
2010s,security,6.0,campaign,0.5695124542637007
2010s,security,7.0,chemical,0.5661090051017605
2010s,security,8.0,defense,0.5642399918806652
2010s,security,9.0,researchers,0.560255745780987
2010s,security,10.0,promises,0.559254658805636
2010s,security,11.0,computer,0.553423925484001
2010s,security,12.0,cyberattacks,0.5480391879840116
2010s,security,13.0,republic,0.5386807717183387
2010s,security,14.0,sanctions,0.5368578604115375
2010s,security,15.0,targets,0.5351448026722281
2010s,security,16.0,aid,0.5240835001091366
2010s,security,17.0,national_security,0.5237145444826148
2010s,security,18.0,biological,0.5186853936694413
2010s,security,19.0,united,0.5174720078085728
2010s,security,20.0,calling,0.5166064740092704
2010s,taiwan,1.0,tsai,0.7373657977038792
2010s,taiwan,2.0,ingwen,0.7204614044370636
2010s,taiwan,3.0,unification,0.6630048143534368
2010s,taiwan,4.0,mainland,0.5887810763402659
2010s,taiwan,5.0,formal,0.5863558935974417
2010s,taiwan,6.0,taipei,0.5843546496749743
2010s,taiwan,7.0,warning,0.5593635780346888
2010s,taiwan,8.0,works,0.5583762360795983
2010s,taiwan,9.0,republic,0.5420156313634683
2010s,taiwan,10.0,xi_jinping,0.5260004021720303
2010s,taiwan,11.0,slowly,0.5168523130103058
2010s,taiwan,12.0,challenges,0.5103100721520073
2010s,taiwan,13.0,differences,0.5049933289149285
2010s,taiwan,14.0,crew,0.4949762670497682
2010s,taiwan,15.0,force,0.49193972208525655
2010s,taiwan,16.0,duties,0.4896247614084374
2010s,taiwan,17.0,time,0.4893886777490559
2010s,taiwan,18.0,recognition,0.487562125935292
2010s,taiwan,19.0,military,0.4834470686586648
2010s,taiwan,20.0,cities,0.48084289504572214
2010s,chip,,term_not_in_vocabulary,
2010s,semiconductor,1.0,foreign_investment,0.6306628366545651
2010s,semiconductor,2.0,maker,0.5595783009258802
2010s,semiconductor,3.0,follows,0.5557001239669016
2010s,semiconductor,4.0,loans,0.5412991246197139
2010s,semiconductor,5.0,fargo,0.5361670793541802
2010s,semiconductor,6.0,wells,0.5188748767447438
2010s,semiconductor,7.0,auto,0.5149437011464935
2010s,semiconductor,8.0,committee,0.47121161243321685
2010s,semiconductor,9.0,merger,0.46519970421969137
2010s,semiconductor,10.0,paul,0.46072424525083255
2010s,semiconductor,11.0,seek,0.45710710728413506
2010s,semiconductor,12.0,deal,0.4538712369688083
2010s,semiconductor,13.0,adding,0.44703637808025937
2010s,semiconductor,14.0,apart,0.435795068989992
2010s,semiconductor,15.0,sell,0.42667625339390536
2010s,semiconductor,16.0,former,0.4263285596196318
2010s,semiconductor,17.0,operations,0.42302890260701853
2010s,semiconductor,18.0,corporation,0.4111341746896626
2010s,semiconductor,19.0,giants,0.40971093170488865
2010s,semiconductor,20.0,agenda,0.4007079484690851
2010s,competition,1.0,antitrust,0.8329951755994844
2010s,competition,2.0,laws,0.7790371168544495
2010s,competition,3.0,issues,0.6889601207679448
2010s,competition,4.0,industry,0.5346033953545094
2010s,competition,5.0,search,0.533712153626595
2010s,competition,6.0,commission,0.5278612006807004
2010s,competition,7.0,regulation,0.5104028226275543
2010s,competition,8.0,didi,0.505962457422229
2010s,competition,9.0,divestitures,0.5032073958303573
2010s,competition,10.0,deregulation,0.49406392901576107
2010s,competition,11.0,problem,0.4883141365882071
2010s,competition,12.0,pharmaceuticals,0.48465719964800563
2010s,competition,13.0,financial,0.4810860916132245
2010s,competition,14.0,india,0.47984624830763734
2010s,competition,15.0,acquisitions,0.4725501971920293
2010s,competition,16.0,staterun,0.4722575792297094
2010s,competition,17.0,corporation,0.47131941187773935
2010s,competition,18.0,biggest,0.469977724443068
2010s,competition,19.0,banks,0.46431100855702906
2010s,competition,20.0,mergers,0.46380829619331226
2020s,china,1.0,beijing,0.5683986053177308
2020s,china,2.0,united_states,0.5528381971874634
2020s,china,3.0,government,0.5448762789707202
2020s,china,4.0,xi_jinping,0.5424011376052297
2020s,china,5.0,international,0.5067340586014863
2020s,china,6.0,trump,0.5065293498935456
2020s,china,7.0,world,0.5035220779534636
2020s,china,8.0,politics,0.4994770227555064
2020s,china,9.0,chinese,0.49915714326565347
2020s,china,10.0,communist_party,0.49668943415245903
2020s,china,11.0,us,0.4954830359187639
2020s,china,12.0,russia,0.4774350229890085
2020s,china,13.0,relations,0.4718931487820962
2020s,china,14.0,covid,0.4700803530128837
2020s,china,15.0,economy,0.4686210110309341
2020s,china,16.0,country,0.46658321988961016
2020s,china,17.0,president,0.4613599575026693
2020s,china,18.0,economic,0.4575482324948711
2020s,china,19.0,companies,0.4539065982890157
2020s,china,20.0,ties,0.44851021383387574
2020s,trade,1.0,market,0.8092492131169512
2020s,trade,2.0,international,0.696801611608181
2020s,trade,3.0,world,0.6888674905888057
2020s,trade,4.0,protectionism,0.5655570062072549
2020s,trade,5.0,economy,0.5472743348913673
2020s,trade,6.0,tariff,0.5331439864174405
2020s,trade,7.0,united_states,0.5324343766817701
2020s,trade,8.0,customs,0.5276298990970916
2020s,trade,9.0,trends,0.5271218786621247
2020s,trade,10.0,sanctions,0.5184165626451079
2020s,trade,11.0,commerce,0.4994963100934395
2020s,trade,12.0,embargoes,0.49772936403615203
2020s,trade,13.0,conditions,0.49191679894346724
2020s,trade,14.0,tariffs,0.48818811354130026
2020s,trade,15.0,economic,0.4880392395766767
2020s,trade,16.0,supply_chain,0.48439100372310684
2020s,trade,17.0,donald,0.4806341162602038
2020s,trade,18.0,relations,0.47893598504371465
2020s,trade,19.0,cooperation,0.4744080655203786
2020s,trade,20.0,us,0.4736399600000507
2020s,market,1.0,trade,0.8092492131169512
2020s,market,2.0,world,0.7041907136142084
2020s,market,3.0,international,0.6038328648965612
2020s,market,4.0,prices,0.5823134626801033
2020s,market,5.0,trends,0.5512744293134102
2020s,market,6.0,customs,0.5190050139712691
2020s,market,7.0,economic,0.5124618011955253
2020s,market,8.0,conditions,0.5041520024359527
2020s,market,9.0,embargoes,0.5033377863267643
2020s,market,10.0,rates,0.5025240543446682
2020s,market,11.0,sanctions,0.4998862703878769
2020s,market,12.0,organization,0.49968288522689774
2020s,market,13.0,protectionism,0.4987884895923987
2020s,market,14.0,stocks,0.49232412241124224
2020s,market,15.0,tariff,0.4851275616096069
2020s,market,16.0,company,0.4813257143196469
2020s,market,17.0,europe,0.46965904702564615
2020s,market,18.0,bonds,0.46594585418171597
2020s,market,19.0,tax,0.46459039452624024
2020s,market,20.0,elon,0.46240606865898276
2020s,investment,1.0,jobs,0.6010653704705207
2020s,investment,2.0,reduction,0.5889008898838997
2020s,investment,3.0,opinion,0.5680238672410226
2020s,investment,4.0,infrastructure,0.5661475002442131
2020s,investment,5.0,outsize,0.5562497229192951
2020s,investment,6.0,share,0.5376236544892594
2020s,investment,7.0,act,0.5279440670662995
2020s,investment,8.0,gaining,0.5257020662296652
2020s,investment,9.0,inflation,0.5132563921752789
2020s,investment,10.0,fresh,0.50175975504795
2020s,investment,11.0,falling,0.5015542569229342
2020s,investment,12.0,worst,0.4979776427364745
2020s,investment,13.0,renminbi,0.4743933320038598
2020s,investment,14.0,microchips,0.4672567128782557
2020s,investment,15.0,recent,0.43917121913092455
2020s,investment,16.0,currency,0.43840806294478796
2020s,investment,17.0,labor,0.4357200404995732
2020s,investment,18.0,trends,0.43128081090798076
2020s,investment,19.0,polls,0.4245051752195943
2020s,investment,20.0,economy,0.42333840774806747
2020s,technology,1.0,ai,0.6242498168084276
2020s,technology,2.0,marcus,0.5924897529957786
2020s,technology,3.0,weaponization,0.5409884512884133
2020s,technology,4.0,driven,0.5402514241282573
2020s,technology,5.0,artificial_intelligence,0.5120311266209964
2020s,technology,6.0,consumer,0.5060724866031717
2020s,technology,7.0,journal,0.49700488505980667
2020s,technology,8.0,co,0.4958257752786703
2020s,technology,9.0,ministry,0.4870356901846875
2020s,technology,10.0,institute,0.48521892208512096
2020s,technology,11.0,future,0.4800674295475257
2020s,technology,12.0,groups,0.4795965282640526
2020s,technology,13.0,thinks,0.47799571083138104
2020s,technology,14.0,ukrainian,0.4585199161014274
2020s,technology,15.0,working,0.45692022677686883
2020s,technology,16.0,citizens,0.45647266650426976
2020s,technology,17.0,effect,0.45456926163165157
2020s,technology,18.0,harris,0.45198315219005275
2020s,technology,19.0,drones,0.4451540054444965
2020s,technology,20.0,surveillance,0.44444594517363106
2020s,security,1.0,censorship,0.6350803790461428
2020s,security,2.0,warning,0.6283286334984445
2020s,security,3.0,citizens,0.6237493771746772
2020s,security,4.0,ministry,0.6100446284955575
2020s,security,5.0,offenses,0.6096491167792535
2020s,security,6.0,systems,0.6090471090103668
2020s,security,7.0,law,0.608650726533364
2020s,security,8.0,including,0.5744575242026989
2020s,security,9.0,surveillance,0.5739968665300936
2020s,security,10.0,mainland,0.5437706674422416
2020s,security,11.0,yearold,0.5273821875804042
2020s,security,12.0,fear,0.5255966114424456
2020s,security,13.0,open,0.514056765160423
2020s,security,14.0,day,0.5132169822181589
2020s,security,15.0,police,0.5131581214244303
2020s,security,16.0,propaganda,0.5128688920297074
2020s,security,17.0,bytedance,0.5090883108983105
2020s,security,18.0,justice,0.5050138395139652
2020s,security,19.0,hong_kong,0.49848321652851046
2020s,security,20.0,powers,0.4947727671850829
2020s,taiwan,1.0,south_china_sea,0.5743077936712224
2020s,taiwan,2.0,mainland,0.5623709722562954
2020s,taiwan,3.0,went,0.5539661943235283
2020s,taiwan,4.0,military,0.5409333727577357
2020s,taiwan,5.0,visit,0.5393853492599581
2020s,taiwan,6.0,forces,0.5208750172745336
2020s,taiwan,7.0,marcos,0.5184674837853765
2020s,taiwan,8.0,message,0.5172038130383285
2020s,taiwan,9.0,defense,0.5130237650115645
2020s,taiwan,10.0,heart,0.511228104573578
2020s,taiwan,11.0,helicopter,0.5093132556957203
2020s,taiwan,12.0,sweeping,0.50748699164937
2020s,taiwan,13.0,event,0.4921557157889498
2020s,taiwan,14.0,little,0.4819268652508579
2020s,taiwan,15.0,threat,0.4787711234917011
2020s,taiwan,16.0,amid,0.47582243210442077
2020s,taiwan,17.0,steps,0.47476679384080106
2020s,taiwan,18.0,superpowers,0.47387832340949443
2020s,taiwan,19.0,leader,0.4712002230607194
2020s,taiwan,20.0,armed,0.4707630428151972
2020s,chip,1.0,problems,0.6228076835798473
2020s,chip,2.0,pushing,0.6223751077778628
2020s,chip,3.0,swan,0.6132273053826476
2020s,chip,4.0,robert,0.5747619759036111
2020s,chip,5.0,biggest,0.5608017313224076
2020s,chip,6.0,chips,0.5593164839905633
2020s,chip,7.0,leads,0.540063541562582
2020s,chip,8.0,pledged,0.5306767459201329
2020s,chip,9.0,internal,0.5280423902671775
2020s,chip,10.0,maker,0.5255257255223573
2020s,chip,11.0,employees,0.5040233787758261
2020s,chip,12.0,front,0.4972828655342376
2020s,chip,13.0,fixing,0.49604324597888494
2020s,chip,14.0,confront,0.4936097919977652
2020s,chip,15.0,computer,0.48585027703812333
2020s,chip,16.0,early,0.48572938630307705
2020s,chip,17.0,developer,0.46996112982703453
2020s,chip,18.0,ceo,0.46694767512455543
2020s,chip,19.0,projects,0.4576484348149738
2020s,chip,20.0,executives,0.44623825790278493
2020s,semiconductor,1.0,corporation,0.5975206424582756
2020s,semiconductor,2.0,antony,0.5862818227876632
2020s,semiconductor,3.0,speeches,0.5850290805349415
2020s,semiconductor,4.0,blinken,0.5567145386205381
2020s,semiconductor,5.0,sa,0.5462985315476621
2020s,semiconductor,6.0,martin,0.5442674514918906
2020s,semiconductor,7.0,lee,0.5362776133440508
2020s,semiconductor,8.0,ltd,0.5340933261790191
2020s,semiconductor,9.0,philippines,0.5334049244075834
2020s,semiconductor,10.0,lockheed,0.5296337574189733
2020s,semiconductor,11.0,commerce,0.5197462112471137
2020s,semiconductor,12.0,smartphones,0.519447932262501
2020s,semiconductor,13.0,corporations,0.5173254483596821
2020s,semiconductor,14.0,company,0.5085085309962838
2020s,semiconductor,15.0,fees,0.5039418404803347
2020s,semiconductor,16.0,espionage,0.5033792324233914
2020s,semiconductor,17.0,marcos,0.5005786470776186
2020s,semiconductor,18.0,ecommerce,0.4988382997221425
2020s,semiconductor,19.0,co,0.4951529363724426
2020s,semiconductor,20.0,manufacturing,0.4948163885781023
2020s,competition,1.0,electriccar,0.5859890918344022
2020s,competition,2.0,warner,0.5489236193760405
2020s,competition,3.0,innovation,0.5450613543750222
2020s,competition,4.0,rupaul,0.5400246005515557
2020s,competition,5.0,car,0.5324846843151447
2020s,competition,6.0,faces,0.5157572047002856
2020s,competition,7.0,batman,0.514286562939923
2020s,competition,8.0,key,0.5137910769583774
2020s,competition,9.0,surge,0.5135134413255225
2020s,competition,10.0,incentives,0.5015284313720889
2020s,competition,11.0,pause,0.4993744600440305
2020s,competition,12.0,electric,0.4956954243240034
2020s,competition,13.0,america,0.4863973699681812
2020s,competition,14.0,series,0.4814865162835256
2020s,competition,15.0,ecommerce,0.4804343254766858
2020s,competition,16.0,musk,0.47996614445066926
2020s,competition,17.0,antitrust,0.4785717790915524
2020s,competition,18.0,sales,0.47288963513508486
2020s,competition,19.0,tesla,0.47262801857087433
2020s,competition,20.0,cuts,0.4701469108571602
