year,event,category,note
1997,Hong Kong handover,territory_identity,Annotation only; use article evidence for claims.
1999,U.S. bombing of Chinese embassy in Belgrade,diplomacy_security,Annotation only; use article evidence for claims.
2001,China joins WTO,economic_integration,Annotation only; use article evidence for claims.
2008,Global financial crisis,global_economy,Annotation only; use article evidence for claims.
2012,Xi Jinping becomes CCP leader,domestic_politics,Annotation only; use article evidence for claims.
2018,U.S.-China trade war begins,competition_trade,Annotation only; use article evidence for claims.
2020,COVID-19 pandemic,public_health,Annotation only; use article evidence for claims.
2022,CHIPS and Science Act,technology_security,Annotation only; use article evidence for claims.
2022,Major U.S. semiconductor export controls,technology_security,Annotation only; use article evidence for claims.
