year,news_desk,articles,percent_articles
1990,Financial Desk,3,27.27272727272727
1990,Editorial Desk,2,18.181818181818183
1990,Long Island Weekly Desk,1,9.090909090909092
1990,Connecticut Weekly Desk,1,9.090909090909092
1990,Entertaining Magazine,1,9.090909090909092
1990,Magazine Desk,1,9.090909090909092
1990,New Jersey Weekly Desk,1,9.090909090909092
1990,Unknown,1,9.090909090909092
1991,IHT News,5,50.0
1991,Home Desk,1,10.0
1991,Education Life Supplement,1,10.0
1991,Editorial Desk,1,10.0
1991,Connecticut Weekly Desk,1,10.0
1991,Entertaining Magazine,1,10.0
1992,IHT News,7,38.88888888888889
1992,Editorial Desk,3,16.666666666666664
1992,Connecticut Weekly Desk,3,16.666666666666664
1992,Book Review Desk,2,11.11111111111111
1992,Magazine Desk,1,5.555555555555555
1992,Financial Desk,1,5.555555555555555
1992,Long Island Weekly Desk,1,5.555555555555555
1993,IHT News,21,80.76923076923077
1993,New Jersey Weekly Desk,1,3.8461538461538463
1993,Editorial Desk,1,3.8461538461538463
1993,Book Review Desk,1,3.8461538461538463
1993,Long Island Weekly Desk,1,3.8461538461538463
1993,Connecticut Weekly Desk,1,3.8461538461538463
1994,IHT News,11,64.70588235294117
1994,Magazine Desk,1,5.88235294117647
1994,Westchester Weekly Desk,1,5.88235294117647
1994,Editorial Desk,1,5.88235294117647
1994,Connecticut Weekly Desk,1,5.88235294117647
1994,New Jersey Weekly Desk,1,5.88235294117647
1994,Long Island Weekly Desk,1,5.88235294117647
1995,IHT News,13,65.0
1995,Magazine Desk,1,5.0
1995,Book Review Desk,1,5.0
1995,Editorial Desk,1,5.0
1995,Business/Financial Desk;,1,5.0
1995,The City Weekly Desk,1,5.0
1995,Arts and Leisure Desk,1,5.0
1995,Unknown,1,5.0
1996,IHT News,17,36.17021276595745
1996,Unknown,12,25.53191489361702
1996,Foreign Desk,3,6.382978723404255
1996,Metropolitan Desk,3,6.382978723404255
1996,Editorial Desk,3,6.382978723404255
1996,Money and Business/Financial Desk,2,4.25531914893617
1996,National Desk,2,4.25531914893617
1996,The City Weekly Desk,1,2.127659574468085
1996,Weekend Desk,1,2.127659574468085
1996,Business/Financial Desk,1,2.127659574468085
1996,New Jersey Weekly Desk,1,2.127659574468085
1996,Arts and Leisure Desk,1,2.127659574468085
1997,Foreign Desk,22,26.82926829268293
1997,Unknown,13,15.853658536585366
1997,Business/Financial Desk,12,14.634146341463413
1997,IHT News,12,14.634146341463413
1997,Editorial Desk,7,8.536585365853659
1997,National Desk,3,3.6585365853658534
1997,Home Desk,2,2.4390243902439024
1997,Metropolitan Desk,2,2.4390243902439024
1997,Money and Business/Financial Desk,2,2.4390243902439024
1997,Cultural Desk,2,2.4390243902439024
1997,Magazine Desk,1,1.2195121951219512
1997,Sophisticated Traveler Magazine,1,1.2195121951219512
1997,Connecticut Weekly Desk,1,1.2195121951219512
1997,Long Island Weekly Desk,1,1.2195121951219512
1997,Living Desk,1,1.2195121951219512
1998,Foreign Desk,18,21.176470588235293
1998,Unknown,15,17.647058823529413
1998,IHT News,12,14.117647058823529
1998,Business/Financial Desk,7,8.235294117647058
1998,National Desk,6,7.0588235294117645
1998,Editorial Desk,6,7.0588235294117645
1998,The Arts/Cultural Desk,2,2.3529411764705883
1998,Magazine Desk,2,2.3529411764705883
1998,Sophisticated Traveler Magazine,2,2.3529411764705883
1998,Long Island Weekly Desk,2,2.3529411764705883
1998,Arts and Leisure Desk,2,2.3529411764705883
1998,Science Desk,2,2.3529411764705883
1998,Leisure/Weekend Desk,1,1.1764705882352942
1998,Arts & Ideas/Cultural Desk,1,1.1764705882352942
1998,Westchester Weekly Desk,1,1.1764705882352942
1998,Money and Business/Financial Desk,1,1.1764705882352942
1998,The City Weekly Desk,1,1.1764705882352942
1998,Metropolitan Desk,1,1.1764705882352942
1998,House & Home/Style Desk,1,1.1764705882352942
1998,Connecticut Weekly Desk,1,1.1764705882352942
1998,Education Life Supplement,1,1.1764705882352942
1999,Foreign Desk,19,26.027397260273972
1999,Unknown,14,19.17808219178082
1999,IHT News,12,16.43835616438356
1999,Business/Financial Desk,9,12.32876712328767
1999,Editorial Desk,6,8.21917808219178
1999,Metropolitan Desk,4,5.47945205479452
1999,Arts and Leisure Desk,3,4.10958904109589
1999,House & Home/Style Desk,2,2.73972602739726
1999,Health & Fitness,1,1.36986301369863
1999,Magazine Desk,1,1.36986301369863
1999,Science Desk,1,1.36986301369863
1999,National Desk,1,1.36986301369863
2000,Foreign Desk,19,22.35294117647059
2000,Unknown,16,18.823529411764707
2000,IHT News,13,15.294117647058824
2000,National Desk,11,12.941176470588237
2000,Business/Financial Desk,7,8.235294117647058
2000,Editorial Desk,5,5.88235294117647
2000,The Arts/Cultural Desk,4,4.705882352941177
2000,The Millennium,4,4.705882352941177
2000,Metropolitan Desk,2,2.3529411764705883
2000,Arts and Leisure Desk,1,1.1764705882352942
2000,Arts & Ideas/Cultural Desk,1,1.1764705882352942
2000,"Movies, Performing Arts/Weekend Desk",1,1.1764705882352942
2000,House & Home/Style Desk,1,1.1764705882352942
2001,Unknown,20,29.850746268656714
2001,Foreign Desk,15,22.388059701492537
2001,IHT News,5,7.462686567164178
2001,Business/Financial Desk,5,7.462686567164178
2001,National Desk,4,5.970149253731343
2001,Metropolitan Desk,4,5.970149253731343
2001,Editorial Desk,3,4.477611940298507
2001,Money and Business/Financial Desk,2,2.9850746268656714
2001,House & Home/Style Desk,1,1.4925373134328357
2001,Museums,1,1.4925373134328357
2001,Arts and Leisure Desk,1,1.4925373134328357
2001,Westchester Weekly Desk,1,1.4925373134328357
2001,Magazine Desk,1,1.4925373134328357
2001,Arts & Ideas/Cultural Desk,1,1.4925373134328357
2001,Books / First Chapters,1,1.4925373134328357
2001,Television,1,1.4925373134328357
2001,The Arts/Cultural Desk,1,1.4925373134328357
2002,Foreign Desk,18,23.376623376623375
2002,Business/Financial Desk,13,16.883116883116884
2002,Unknown,12,15.584415584415584
2002,IHT News,8,10.38961038961039
2002,Editorial Desk,4,5.194805194805195
2002,Leisure/Weekend Desk,3,3.896103896103896
2002,The Arts/Cultural Desk,3,3.896103896103896
2002,Metropolitan Desk,2,2.5974025974025974
2002,Outlook,2,2.5974025974025974
2002,Business,2,2.5974025974025974
2002,House & Home/Style Desk,2,2.5974025974025974
2002,Money and Business/Financial Desk,2,2.5974025974025974
2002,Westchester Weekly Desk,2,2.5974025974025974
2002,Arts & Ideas/Cultural Desk,1,1.2987012987012987
2002,The City Weekly Desk,1,1.2987012987012987
2002,Arts and Leisure Desk,1,1.2987012987012987
2002,International,1,1.2987012987012987
2003,Foreign Desk,20,21.50537634408602
2003,Unknown,13,13.978494623655912
2003,Business/Financial Desk,12,12.903225806451612
2003,IHT News,11,11.827956989247312
2003,International / Asia Pacific,7,7.526881720430108
2003,Editorial Desk,6,6.451612903225806
2003,National Desk,5,5.376344086021505
2003,The Arts/Cultural Desk,3,3.225806451612903
2003,Metropolitan Desk,2,2.1505376344086025
2003,Science Desk,2,2.1505376344086025
2003,Arts and Leisure Desk,2,2.1505376344086025
2003,Business / World Business,1,1.0752688172043012
2003,Arts & Ideas/Cultural Desk,1,1.0752688172043012
2003,Books / First Chapters,1,1.0752688172043012
2003,Westchester Weekly Desk,1,1.0752688172043012
2003,House & Home/Style Desk,1,1.0752688172043012
2003,Health,1,1.0752688172043012
2003,Washington,1,1.0752688172043012
2003,Health & Fitness,1,1.0752688172043012
2003,Money and Business/Financial Desk,1,1.0752688172043012
2003,Business / Your Money,1,1.0752688172043012
2004,Business/Financial Desk,14,17.72151898734177
2004,Unknown,14,17.72151898734177
2004,Foreign Desk,11,13.924050632911392
2004,IHT News,6,7.59493670886076
2004,International / Asia Pacific,5,6.329113924050633
2004,National Desk,4,5.063291139240507
2004,The Arts/Cultural Desk,3,3.79746835443038
2004,Editorial Desk,3,3.79746835443038
2004,Outlook,3,3.79746835443038
2004,Arts and Leisure Desk,3,3.79746835443038
2004,Leisure/Weekend Desk,3,3.79746835443038
2004,Metropolitan Desk,2,2.5316455696202533
2004,Circuits,1,1.2658227848101267
2004,International / Europe,1,1.2658227848101267
2004,Business / Media & Advertising,1,1.2658227848101267
2004,Business,1,1.2658227848101267
2004,Business / World Business,1,1.2658227848101267
2004,Westchester Weekly Desk,1,1.2658227848101267
2004,House & Home/Style Desk,1,1.2658227848101267
2004,Business / Business Special,1,1.2658227848101267
2005,Unknown,16,25.0
2005,Foreign Desk,14,21.875
2005,Business/Financial Desk,13,20.3125
2005,National Desk,4,6.25
2005,Magazine Desk,2,3.125
2005,Editorial Desk,2,3.125
2005,New Jersey Weekly Desk,2,3.125
2005,Business / World Business,2,3.125
2005,Outlook,1,1.5625
2005,Science Desk,1,1.5625
2005,Automobiles,1,1.5625
2005,Connecticut Weekly Desk,1,1.5625
2005,Westchester Weekly Desk,1,1.5625
2005,T: Living Magazine,1,1.5625
2005,Leisure/Weekend Desk,1,1.5625
2005,"Movies, Performing Arts/Weekend Desk",1,1.5625
2005,International / Africa,1,1.5625
2006,Foreign,10,16.94915254237288
2006,ContinuousNews,7,11.864406779661017
2006,Business,7,11.864406779661017
2006,Unknown,6,10.16949152542373
2006,Foreign Desk,5,8.47457627118644
2006,Magazine,3,5.084745762711865
2006,Business/Financial Desk,3,5.084745762711865
2006,Editorial,3,5.084745762711865
2006,Culture,2,3.389830508474576
2006,The Arts/Cultural Desk,2,3.389830508474576
2006,Books / First Chapters,1,1.694915254237288
2006,Money and Business/Financial Desk,1,1.694915254237288
2006,Long Island Weekly Desk,1,1.694915254237288
2006,Connecticut Weekly Desk,1,1.694915254237288
2006,Editorial Desk,1,1.694915254237288
2006,CityWeekly,1,1.694915254237288
2006,Styles,1,1.694915254237288
2006,SundayBusiness,1,1.694915254237288
2006,Metro,1,1.694915254237288
2006,OpEd,1,1.694915254237288
2006,National Desk,1,1.694915254237288
2007,Business,11,23.91304347826087
2007,Unknown,9,19.565217391304348
2007,Foreign,8,17.391304347826086
2007,ContinuousNews,7,15.217391304347828
2007,Metro,2,4.3478260869565215
2007,Editorial,2,4.3478260869565215
2007,Culture,1,2.1739130434782608
2007,National,1,2.1739130434782608
2007,Society,1,2.1739130434782608
2007,Automobiles,1,2.1739130434782608
2007,SundayBusiness,1,2.1739130434782608
2007,CityWeekly,1,2.1739130434782608
2007,Magazine,1,2.1739130434782608
2008,Business,13,40.625
2008,Foreign,9,28.125
2008,National,2,6.25
2008,Editorial,2,6.25
2008,Unknown,2,6.25
2008,Home,1,3.125
2008,Culture,1,3.125
2008,Metro,1,3.125
2008,SundayBusiness,1,3.125
2009,Unknown,17,30.909090909090907
2009,Foreign,13,23.636363636363637
2009,Business,12,21.818181818181817
2009,Editorial,3,5.454545454545454
2009,OpEd,2,3.6363636363636362
2009,Culture,1,1.8181818181818181
2009,Arts&Leisure,1,1.8181818181818181
2009,National,1,1.8181818181818181
2009,US,1,1.8181818181818181
2009,Opinion,1,1.8181818181818181
2009,Metro,1,1.8181818181818181
2009,Business / Global Business,1,1.8181818181818181
2009,Business / Energy & Environment,1,1.8181818181818181
2010,Business,34,36.95652173913043
2010,Foreign,21,22.82608695652174
2010,Unknown,12,13.043478260869565
2010,Metro,6,6.521739130434782
2010,Editorial,5,5.434782608695652
2010,National,5,5.434782608695652
2010,OpEd,4,4.3478260869565215
2010,Culture,2,2.1739130434782608
2010,SundayBusiness,1,1.0869565217391304
2010,Styles,1,1.0869565217391304
2010,Weekend,1,1.0869565217391304
2011,Unknown,28,29.47368421052631
2011,Business,24,25.263157894736842
2011,Foreign,23,24.210526315789473
2011,Editorial,7,7.368421052631578
2011,National,5,5.263157894736842
2011,SundayBusiness,2,2.1052631578947367
2011,Metro,2,2.1052631578947367
2011,Styles,2,2.1052631578947367
2011,OpEd,1,1.0526315789473684
2011,Arts&Leisure,1,1.0526315789473684
2012,Unknown,32,31.06796116504854
2012,Business,25,24.271844660194176
2012,Foreign,20,19.41747572815534
2012,Editorial,7,6.796116504854369
2012,Culture,5,4.854368932038835
2012,OpEd,4,3.8834951456310676
2012,Metro,3,2.912621359223301
2012,National,3,2.912621359223301
2012,Science,1,0.9708737864077669
2012,Weekend,1,0.9708737864077669
2012,SundayBusiness,1,0.9708737864077669
2012,EdLife,1,0.9708737864077669
2013,Unknown,45,45.91836734693878
2013,Business,22,22.448979591836736
2013,Foreign,16,16.3265306122449
2013,Editorial,3,3.061224489795918
2013,OpEd,3,3.061224489795918
2013,Metro,2,2.0408163265306123
2013,Science,2,2.0408163265306123
2013,Magazine,1,1.0204081632653061
2013,Culture,1,1.0204081632653061
2013,Society,1,1.0204081632653061
2013,RealEstate,1,1.0204081632653061
2013,Arts&Leisure,1,1.0204081632653061
2014,Foreign,37,32.45614035087719
2014,Business,28,24.561403508771928
2014,Unknown,25,21.929824561403507
2014,OpEd,6,5.263157894736842
2014,National,4,3.508771929824561
2014,Styles,2,1.7543859649122806
2014,Editorial,2,1.7543859649122806
2014,Weekend,2,1.7543859649122806
2014,Metro,2,1.7543859649122806
2014,Culture,2,1.7543859649122806
2014,Arts&Leisure,1,0.8771929824561403
2014,BookReview,1,0.8771929824561403
2014,TStyle,1,0.8771929824561403
2014,SundayBusiness,1,0.8771929824561403
2015,Foreign,33,33.0
2015,Business,27,27.0
2015,Unknown,17,17.0
2015,Editorial,4,4.0
2015,OpEd,4,4.0
2015,Culture,3,3.0
2015,Styles,2,2.0
2015,Magazine,2,2.0
2015,Metro,2,2.0
2015,National,2,2.0
2015,Science,1,1.0
2015,BookReview,1,1.0
2015,Society,1,1.0
2015,Politics,1,1.0
2016,Foreign,33,31.132075471698112
2016,Unknown,22,20.754716981132077
2016,Business,18,16.9811320754717
2016,National,12,11.320754716981133
2016,OpEd,7,6.60377358490566
2016,Culture,5,4.716981132075472
2016,Editorial,2,1.8867924528301887
2016,Metro,2,1.8867924528301887
2016,Weekend,2,1.8867924528301887
2016,Magazine,1,0.9433962264150944
2016,Insider,1,0.9433962264150944
2016,EdLife,1,0.9433962264150944
2017,Foreign,26,26.262626262626267
2017,Business,20,20.2020202020202
2017,Unknown,15,15.151515151515152
2017,OpEd,10,10.1010101010101
2017,National,9,9.090909090909092
2017,Editorial,5,5.05050505050505
2017,Magazine,3,3.0303030303030303
2017,Metro,3,3.0303030303030303
2017,Culture,2,2.0202020202020203
2017,Science,2,2.0202020202020203
2017,SundayBusiness,1,1.0101010101010102
2017,Climate,1,1.0101010101010102
2017,Learning,1,1.0101010101010102
2017,Washington,1,1.0101010101010102
2018,Business,28,30.76923076923077
2018,Foreign,19,20.87912087912088
2018,Unknown,16,17.582417582417584
2018,Washington,8,8.791208791208792
2018,Science,4,4.395604395604396
2018,National,4,4.395604395604396
2018,Magazine,2,2.197802197802198
2018,Editorial,2,2.197802197802198
2018,OpEd,2,2.197802197802198
2018,Insider,1,1.098901098901099
2018,Weekend,1,1.098901098901099
2018,Upshot,1,1.098901098901099
2018,TStyle,1,1.098901098901099
2018,Learning,1,1.098901098901099
2018,SpecialSections,1,1.098901098901099
2019,Foreign,28,28.865979381443296
2019,Business,21,21.649484536082475
2019,Unknown,15,15.463917525773196
2019,Washington,8,8.24742268041237
2019,National,4,4.123711340206185
2019,Science,3,3.0927835051546393
2019,Culture,3,3.0927835051546393
2019,Society,2,2.0618556701030926
2019,OpEd,2,2.0618556701030926
2019,Politics,2,2.0618556701030926
2019,Express,2,2.0618556701030926
2019,BookReview,1,1.0309278350515463
2019,Podcasts,1,1.0309278350515463
2019,Climate,1,1.0309278350515463
2019,Learning,1,1.0309278350515463
2019,Upshot,1,1.0309278350515463
2019,NewsDesk,1,1.0309278350515463
2019,Arts&Leisure,1,1.0309278350515463
2020,Business,21,23.333333333333332
2020,Foreign,15,16.666666666666664
2020,Unknown,15,16.666666666666664
2020,Washington,6,6.666666666666667
2020,Science,5,5.555555555555555
2020,OpEd,5,5.555555555555555
2020,National,5,5.555555555555555
2020,Metro,3,3.3333333333333335
2020,SundayBusiness,3,3.3333333333333335
2020,Politics,3,3.3333333333333335
2020,Culture,2,2.2222222222222223
2020,Styles,2,2.2222222222222223
2020,Learning,2,2.2222222222222223
2020,TStyle,1,1.1111111111111112
2020,Editorial,1,1.1111111111111112
2020,Magazine,1,1.1111111111111112
2021,Foreign,22,25.287356321839084
2021,Unknown,19,21.839080459770116
2021,Business,15,17.24137931034483
2021,Washington,10,11.494252873563218
2021,OpEd,7,8.045977011494253
2021,Climate,4,4.597701149425287
2021,Politics,3,3.4482758620689653
2021,Science,1,1.1494252873563218
2021,Well,1,1.1494252873563218
2021,Summary,1,1.1494252873563218
2021,Culture,1,1.1494252873563218
2021,Learning,1,1.1494252873563218
2021,SpecialSections,1,1.1494252873563218
2021,Podcasts,1,1.1494252873563218
2022,Unknown,14,30.434782608695656
2022,Foreign,10,21.73913043478261
2022,Business,7,15.217391304347828
2022,OpEd,4,8.695652173913043
2022,Culture,2,4.3478260869565215
2022,Washington,2,4.3478260869565215
2022,Politics,2,4.3478260869565215
2022,Investigative,1,2.1739130434782608
2022,Express,1,2.1739130434782608
2022,Metro,1,2.1739130434782608
2022,Climate,1,2.1739130434782608
2022,Science,1,2.1739130434782608
2023,Business,25,28.08988764044944
2023,Foreign,18,20.224719101123593
2023,Unknown,18,20.224719101123593
2023,Washington,9,10.112359550561797
2023,OpEd,5,5.617977528089887
2023,SundayBusiness,3,3.3707865168539324
2023,Magazine,2,2.247191011235955
2023,Upshot,2,2.247191011235955
2023,Metro,1,1.1235955056179776
2023,Arts&Leisure,1,1.1235955056179776
2023,Podcasts,1,1.1235955056179776
2023,TStyle,1,1.1235955056179776
2023,SpecialSections,1,1.1235955056179776
2023,Culture,1,1.1235955056179776
2023,Weekend,1,1.1235955056179776
2024,Business,23,23.711340206185564
2024,Foreign,20,20.618556701030926
2024,Unknown,16,16.49484536082474
2024,OpEd,8,8.24742268041237
2024,Washington,6,6.185567010309279
2024,Election Analytics,5,5.154639175257731
2024,Science,3,3.0927835051546393
2024,SpecialSections,3,3.0927835051546393
2024,Express,3,3.0927835051546393
2024,Culture,2,2.0618556701030926
2024,TStyle,2,2.0618556701030926
2024,Metro,2,2.0618556701030926
2024,Books,1,1.0309278350515463
2024,Metropolitan,1,1.0309278350515463
2024,Magazine,1,1.0309278350515463
2024,Climate,1,1.0309278350515463
2025,Business,24,24.242424242424242
2025,Foreign,18,18.181818181818183
2025,Washington,17,17.17171717171717
2025,Unknown,14,14.14141414141414
2025,OpEd,10,10.1010101010101
2025,Climate,5,5.05050505050505
2025,National,3,3.0303030303030303
2025,Express,3,3.0303030303030303
2025,Science,2,2.0202020202020203
2025,SpecialSections,2,2.0202020202020203
2025,Learning,1,1.0101010101010102
