year,type_of_material,articles,percent_articles
1990,News,8,72.72727272727273
1990,Op-Ed,2,18.181818181818183
1990,Unknown,1,9.090909090909092
1991,Unknown,5,50.0
1991,News,4,40.0
1991,Op-Ed,1,10.0
1992,Unknown,7,38.88888888888889
1992,News,5,27.77777777777778
1992,Op-Ed,3,16.666666666666664
1992,Biography,2,11.11111111111111
1992,Interview,1,5.555555555555555
1993,Unknown,21,80.76923076923077
1993,News,3,11.538461538461538
1993,Op-Ed,1,3.8461538461538463
1993,Biography,1,3.8461538461538463
1994,Unknown,11,64.70588235294117
1994,News,5,29.411764705882355
1994,Op-Ed,1,5.88235294117647
1995,Unknown,14,70.0
1995,News,3,15.0
1995,Series,1,5.0
1995,Op-Ed,1,5.0
1995,Biography,1,5.0
1996,Unknown,29,61.702127659574465
1996,News,15,31.914893617021278
1996,Op-Ed,2,4.25531914893617
1996,Editorial,1,2.127659574468085
1997,News,42,51.21951219512195
1997,Unknown,25,30.48780487804878
1997,Op-Ed,5,6.097560975609756
1997,An Analysis; News Analysis,3,3.6585365853658534
1997,Editorial,2,2.4390243902439024
1997,Text,2,2.4390243902439024
1997,Series,2,2.4390243902439024
1997,Biography,1,1.2195121951219512
1998,News,49,57.647058823529406
1998,Unknown,26,30.58823529411765
1998,Op-Ed,3,3.5294117647058822
1998,Editorial,3,3.5294117647058822
1998,Biography,2,2.3529411764705883
1998,An Analysis; News Analysis,1,1.1764705882352942
1998,Text,1,1.1764705882352942
1999,News,38,52.054794520547944
1999,Unknown,26,35.61643835616438
1999,Op-Ed,4,5.47945205479452
1999,Editorial,2,2.73972602739726
1999,List,1,1.36986301369863
1999,Biography,1,1.36986301369863
1999,Interview,1,1.36986301369863
2000,News,49,57.647058823529406
2000,Unknown,26,30.58823529411765
2000,Editorial,3,3.5294117647058822
2000,Text,3,3.5294117647058822
2000,Op-Ed,2,2.3529411764705883
2000,Recipe,1,1.1764705882352942
2000,Special Report,1,1.1764705882352942
2001,News,39,58.2089552238806
2001,Unknown,21,31.343283582089555
2001,Op-Ed,3,4.477611940298507
2001,Biography,1,1.4925373134328357
2001,Text,1,1.4925373134328357
2001,Question,1,1.4925373134328357
2001,Transcript,1,1.4925373134328357
2002,News,51,66.23376623376623
2002,Unknown,19,24.675324675324674
2002,Op-Ed,4,5.194805194805195
2002,Interview,2,2.5974025974025974
2002,An Analysis; News Analysis,1,1.2987012987012987
2003,News,62,66.66666666666666
2003,Unknown,23,24.731182795698924
2003,Op-Ed,4,4.301075268817205
2003,Editorial,2,2.1505376344086025
2003,An Analysis; News Analysis,1,1.0752688172043012
2003,Transcript,1,1.0752688172043012
2004,News,49,62.0253164556962
2004,Unknown,19,24.050632911392405
2004,Schedule,5,6.329113924050633
2004,Op-Ed,2,2.5316455696202533
2004,An Analysis; Military Analysis,1,1.2658227848101267
2004,Text,1,1.2658227848101267
2004,Summary,1,1.2658227848101267
2004,Editorial,1,1.2658227848101267
2005,News,40,62.5
2005,Unknown,16,25.0
2005,Schedule,3,4.6875
2005,An Analysis; News Analysis,2,3.125
2005,Editorial,1,1.5625
2005,Op-Ed,1,1.5625
2005,Series,1,1.5625
2006,News,44,74.57627118644068
2006,Unknown,6,10.16949152542373
2006,Op-Ed,4,6.779661016949152
2006,Interview,2,3.389830508474576
2006,Transcript,1,1.694915254237288
2006,Editorial,1,1.694915254237288
2006,Summary,1,1.694915254237288
2007,News,33,71.73913043478261
2007,Unknown,9,19.565217391304348
2007,Interview,1,2.1739130434782608
2007,Series,1,2.1739130434782608
2007,Op-Ed,1,2.1739130434782608
2007,Editorial,1,2.1739130434782608
2008,News,27,84.375
2008,Editorial,2,6.25
2008,Unknown,2,6.25
2008,Interview,1,3.125
2009,News,36,65.45454545454545
2009,Unknown,8,14.545454545454545
2009,Web Log,6,10.909090909090908
2009,Editorial,3,5.454545454545454
2009,Op-Ed,2,3.6363636363636362
2010,News,59,64.13043478260869
2010,Unknown,21,22.82608695652174
2010,Op-Ed,7,7.608695652173914
2010,News Analysis,2,2.1739130434782608
2010,Editorial,2,2.1739130434782608
2010,Biography,1,1.0869565217391304
2011,News,64,67.36842105263158
2011,Unknown,22,23.157894736842106
2011,Op-Ed,5,5.263157894736842
2011,Editorial,3,3.1578947368421053
2011,News Analysis,1,1.0526315789473684
2012,News,78,75.72815533980582
2012,Unknown,13,12.62135922330097
2012,Editorial,6,5.825242718446602
2012,Op-Ed,5,4.854368932038835
2012,News Analysis,1,0.9708737864077669
2013,News,75,76.53061224489795
2013,Unknown,16,16.3265306122449
2013,Op-Ed,5,5.1020408163265305
2013,Editorial,1,1.0204081632653061
2013,Schedule,1,1.0204081632653061
2014,News,87,76.31578947368422
2014,Unknown,19,16.666666666666664
2014,Op-Ed,7,6.140350877192982
2014,News Analysis,1,0.8771929824561403
2015,News,77,77.0
2015,Unknown,14,14.000000000000002
2015,Editorial,4,4.0
2015,Op-Ed,3,3.0
2015,Special Report,1,1.0
2015,Biography,1,1.0
2016,News,72,67.9245283018868
2016,Unknown,17,16.037735849056602
2016,Op-Ed,6,5.660377358490567
2016,Question,3,2.8301886792452833
2016,Editorial,2,1.8867924528301887
2016,Biography,2,1.8867924528301887
2016,News Analysis,2,1.8867924528301887
2016,Schedule,2,1.8867924528301887
2017,News,68,68.68686868686868
2017,Unknown,15,15.151515151515152
2017,Op-Ed,9,9.090909090909092
2017,Editorial,5,5.05050505050505
2017,News Analysis,1,1.0101010101010102
2017,Schedule,1,1.0101010101010102
2018,News,69,75.82417582417582
2018,Unknown,16,17.582417582417584
2018,News Analysis,2,2.197802197802198
2018,Editorial,2,2.197802197802198
2018,Op-Ed,2,2.197802197802198
2019,News,80,82.4742268041237
2019,Unknown,14,14.432989690721648
2019,Op-Ed,2,2.0618556701030926
2019,Interactive Feature,1,1.0309278350515463
2020,News,67,74.44444444444444
2020,Unknown,14,15.555555555555555
2020,Op-Ed,5,5.555555555555555
2020,News Analysis,2,2.2222222222222223
2020,Interactive Feature,1,1.1111111111111112
2020,Editorial,1,1.1111111111111112
2021,News,60,68.96551724137932
2021,Unknown,18,20.689655172413794
2021,Op-Ed,7,8.045977011494253
2021,Live Blog Post,1,1.1494252873563218
2021,Interactive Feature,1,1.1494252873563218
2022,News,27,58.69565217391305
2022,Unknown,14,30.434782608695656
2022,Op-Ed,4,8.695652173913043
2022,Live Blog Post,1,2.1739130434782608
2023,News,65,73.03370786516854
2023,Unknown,14,15.730337078651685
2023,Op-Ed,5,5.617977528089887
2023,Interactive Feature,4,4.49438202247191
2023,Live Blog Post,1,1.1235955056179776
2024,News,67,69.0721649484536
2024,Unknown,15,15.463917525773196
2024,Op-Ed,8,8.24742268041237
2024,Interactive Feature,6,6.185567010309279
2024,News Analysis,1,1.0309278350515463
2025,News,73,73.73737373737373
2025,Unknown,13,13.131313131313133
2025,Op-Ed,9,9.090909090909092
2025,News Analysis,2,2.0202020202020203
2025,Interactive Feature,1,1.0101010101010102
2025,Editorial,1,1.0101010101010102
