year,articles,total_tokens,opportunity_score,threat_score,competition_score,cooperation_score,positive_framing_score,negative_framing_score,net_framing_score,rivalry_score,engagement_score,rivalry_to_engagement_ratio,economic_score,security_score,technology_score,conflict_score,human_rights_score,securitization_index,conflict_to_engagement_ratio,opportunity_raw,threat_raw,competition_raw,cooperation_raw,economic_raw,security_raw,technology_raw,engagement_raw,conflict_raw,human_rights_raw
1990,11,7128,11.035758837735985,3.583232563847482,0.8703204244964968,6.844604932291289,17.880363770027273,4.453552988343978,13.426810781683294,4.453552988343978,17.880363770027273,0.13159297043241522,25.36485820965982,3.8501531175486123,0.0,4.336288762727609,10.0185067089513,0.11501377410468319,0.12396694214876032,30,13,5,13,64,11,0,21,10,11
1991,10,855,24.174344436569807,4.444444444444445,8.366013071895425,21.122135601228443,45.296480037798254,12.81045751633987,32.48602252145838,12.81045751633987,45.296480037798254,8.905485021989875,7.254901960784315,4.444444444444445,0.0,8.366013071895425,0.0,0.2,0.09523809523809523,14,2,4,13,4,2,0,18,4,0
1992,18,1873,0.8853474988933157,4.323478314047132,5.134594329293616,2.637166493871836,3.5225139927651514,9.45807264334075,-5.935558650575596,9.45807264334075,3.5225139927651514,8.181920226828174,14.257104601438714,13.701861436619787,0.0,7.050303141554152,10.149302676558976,0.4074074074074074,0.4444444444444444,4,8,6,9,26,15,0,9,8,29
1993,26,1906,11.646537060886574,13.2751483671332,4.304584304584305,5.952816246933893,17.59935330782047,17.579732671717505,0.019620636102963555,17.579732671717505,17.59935330782047,9.810386169206884,21.143512807755602,12.85409371498584,5.328850149771734,7.883700123902594,5.961998748469066,0.6307692307692307,0.37179487179487175,17,20,6,10,29,18,9,10,11,10
1994,17,1337,15.562223243884144,15.221667989834078,7.817416467935499,10.456259426847664,26.018482670731807,23.03908445776958,2.979398212962227,23.03908445776958,26.018482670731807,11.025779557903169,30.516386727459388,15.221667989834078,0.0,8.848738087492412,5.61966868195242,0.5261437908496732,0.3764705882352941,14,14,7,9,29,14,0,9,8,6
1995,20,1668,12.449231393417643,8.109090625248362,2.715924426450742,7.818765755307088,20.267997148724728,10.825015051699104,9.442982097025626,10.825015051699104,20.267997148724728,7.69466759187807,21.782564726750973,11.889175367116543,2.459016393442623,10.056259744727237,0.0,0.65,0.5125,16,14,4,13,28,16,3,13,14,0
1996,47,2589,10.947332630247272,5.500691659729743,4.51074249408686,9.433334140862238,20.38066677110951,10.011434153816603,10.369232617292907,10.011434153816603,20.38066677110951,4.55746891845981,20.91024824858008,9.949221989585554,2.636819149682246,5.918107370285201,3.7096699552493204,0.34184397163120567,0.23670212765957446,35,14,14,23,62,19,8,24,14,10
1997,82,5465,18.248975023970132,5.454762649015272,3.3874255712515637,6.604726740970043,24.853701764940176,8.842188220266836,16.011513544673342,8.842188220266836,24.853701764940176,4.0238183004792205,23.459306280744656,9.498595732106873,3.598369184978626,4.708563782633678,14.634047704615016,0.33403019744483164,0.1808362369337979,98,30,14,36,133,51,14,43,19,64
1998,85,6497,13.859230186642346,8.001913849105922,2.094928795926371,6.460335394803244,20.319565581445588,10.096842645032291,10.222722936413298,10.096842645032291,20.319565581445588,6.3134520506856715,25.265830938077087,10.771414419631002,2.273287430368475,3.6316650276750124,11.43872843081941,0.6712324929971989,0.16745098039215686,86,43,14,41,150,65,9,54,20,54
1999,73,5725,13.269388639363152,7.855545205042558,0.7994546052018501,14.13586636578151,27.405255005144664,8.654999810244407,18.750255194900255,8.654999810244407,27.405255005144664,3.452330382873725,19.105390185001898,14.137036510901725,3.0375810676239667,2.1628987246756073,7.978945545912364,0.7593607305936073,0.09980430528375733,82,48,4,82,106,65,26,87,14,47
2000,60,4667,11.898040123186368,11.28193041850371,1.760737491316746,10.272793900351038,22.170834023537406,13.042667909820457,9.128166113716949,13.042667909820457,22.170834023537406,5.361138587007433,16.821143347149643,24.564529710178252,5.841962577834748,3.219687994983844,10.726017721948919,1.585218253968254,0.19694444444444445,52,61,10,47,84,123,28,48,19,47
2001,33,2215,14.480447536470484,12.854784920848466,1.6824911782894976,6.681348751684103,21.161796288154587,14.537276099137964,6.624520189016624,14.537276099137964,21.161796288154587,5.919550311799711,15.802156301385278,19.176375081626443,0.7452824389944065,1.555633908575085,6.864523498655594,1.2424242424242424,0.12121212121212122,26,32,4,10,28,44,3,10,5,9
2002,49,5218,18.49685589552185,6.284945214283655,1.8872041817609522,5.760200418175198,24.257056313697046,8.172149396044606,16.084906917652443,8.172149396044606,24.257056313697046,2.8632086980106566,32.11323924312318,6.980388988579134,1.2974340637268236,2.6905099876458833,2.6832426444990882,0.38976499690785404,0.23979591836734693,105,39,17,26,193,40,6,33,21,15
2003,57,4623,14.80697674603531,10.077690623427399,2.685432986196884,8.56548623230417,23.372462978339485,12.763123609624282,10.6093393687152,12.763123609624282,23.372462978339485,7.3503102218380265,34.921364958345045,13.104696726898542,2.7745248909862577,3.957719393271482,6.590123580970263,0.8900584795321638,0.12280701754385964,96,36,10,45,193,55,18,47,15,23
2004,47,3939,10.246006777685212,8.184694470385661,2.6579387219766946,2.869135293177533,13.115142070862744,10.842633192362356,2.2725088785003877,10.842633192362356,13.115142070862744,8.624849468688899,17.813247278350435,16.67614923434974,2.5973322948939592,5.043113399751893,5.29381792295194,0.9052684903748734,0.20567375886524822,52,33,6,16,79,49,11,23,15,19
2005,38,3625,26.997191820355606,7.578647666867698,4.687499133759844,5.9509946830564315,32.94818650341204,12.266146800627542,20.682039702784493,12.266146800627542,32.94818650341204,3.501402272018487,46.385800269690414,11.583773370378697,0.7412898443291327,8.84082341244943,0.48848379616511883,0.856046365914787,0.6776315789473685,78,37,13,14,153,51,2,17,32,3
2006,26,1433,6.426706742869443,13.744087606298054,2.331002331002331,5.808925004327302,12.235631747196747,16.075089937300387,-3.83945819010364,16.075089937300387,12.235631747196747,8.715990402239136,23.17038856398745,18.764218174674237,0.6203473945409429,11.268425678881739,6.445568549961559,0.6634615384615384,0.2980769230769231,11,18,2,7,26,21,1,8,12,7
2007,22,844,21.045214368195733,9.814359814359813,5.537752290999044,6.232788998961505,27.27800336715724,15.352112105358858,11.92589126179838,15.352112105358858,27.27800336715724,8.872679343651566,31.603639212334862,14.730852656872493,0.0,6.536685108113679,3.0303030303030307,0.5757575757575757,0.18181818181818182,19,9,5,7,27,14,0,7,6,3
2008,21,873,10.67527774844848,11.273448773448774,7.2068852556657435,4.408193432583676,15.083471181032156,18.480334029114516,-3.39686284808236,18.480334029114516,15.083471181032156,11.122085016603895,37.679023749154965,11.731324231324232,0.7440476190476191,5.6887556887556885,0.0,0.42857142857142855,0.16666666666666666,10,11,6,4,30,11,1,4,5,0
2009,36,1381,12.65855463873945,7.8534841832714175,4.350104821802935,3.6266924564796903,16.285247095219137,12.203589005074353,4.081658090144788,12.203589005074353,16.285247095219137,9.945646126513294,33.551472667035995,5.941995046903151,14.899404637339252,8.296312934677713,17.271200891520866,0.20833333333333334,0.25,18,10,5,6,48,9,20,6,9,19
2010,41,1545,25.951863851599565,7.023729187037777,3.035020679026906,3.355145746579417,29.307009598178983,10.058749866064682,19.248259732114303,10.058749866064682,29.307009598178983,3.274832029751944,48.03867197355477,8.730865992330441,11.24298929522841,6.854230807887088,8.313213827529841,0.24390243902439024,0.2682926829268293,39,10,5,6,76,12,17,8,11,12
2011,34,1298,16.84293012399851,2.759437108176604,12.303941822741296,4.128277382994364,20.971207506992872,15.0633789309179,5.907828576074973,15.0633789309179,20.971207506992872,8.210854358892691,40.0828566261853,15.281719740186157,10.245140709069924,13.524588184052618,9.02818337736986,0.3906862745098039,0.38235294117647056,21,5,12,5,48,16,14,5,13,13
2012,41,1820,12.966713661961215,5.056352693074402,2.6290208554259453,3.587821540219306,16.55453520218052,7.685373548500348,8.869161653680175,7.685373548500348,16.55453520218052,4.090706081449165,38.529510107842405,3.264047418799311,2.127428860473184,3.049542302019722,7.188980673652514,0.11463414634146342,0.0975609756097561,21,6,3,6,62,6,4,8,4,15
2013,48,2125,21.475246807845725,7.168650006854637,1.5480603911454975,2.002099423547511,23.477346231393238,8.716710398000133,14.760635833393101,8.716710398000133,23.477346231393238,5.009099447964164,46.187813011148016,10.36675433148705,5.873094882721113,0.680004835589942,2.701550075220288,0.4322916666666667,0.027777777777777776,44,17,4,5,92,27,12,6,2,8
2014,41,1759,11.333038928047436,12.146060544640271,1.4299945370995213,5.31983384452153,16.652872772568966,13.57605508173979,3.076817690829174,13.57605508173979,16.652872772568966,9.204044701089527,27.732321555261766,11.513421554575372,1.2836970474967906,5.046085922200949,13.366407639520988,0.43983739837398367,0.15853658536585366,18,23,2,6,44,24,4,7,7,29
2015,48,2152,17.348688672198644,11.472011890870554,0.7575757575757575,6.96330510293999,24.31199377513863,12.229587648446312,12.082406126692321,12.229587648446312,24.31199377513863,7.01842390065448,37.53252182259818,15.842856983544223,6.780337804773894,2.9360799276053506,7.327890037593985,0.5288194444444444,0.05902777777777778,36,23,2,13,83,31,15,15,5,15
2016,33,1536,16.30693338151578,6.9439363544998445,4.398880300245971,8.404325455441024,24.711258836956805,11.342816654745814,13.368442182210993,11.342816654745814,24.711258836956805,8.79282676037326,30.81882045149983,20.412054821248596,0.0,6.952740331072691,8.357603969597397,0.604040404040404,0.2626262626262626,26,13,7,14,54,29,0,14,10,9
2017,34,1506,22.80979947405457,21.793643071808127,2.243092532807849,10.833791726731226,33.6435912007858,24.036735604615977,9.60685559616982,24.036735604615977,33.6435912007858,3.256266886630196,30.19229558152174,31.43776856678189,3.4732600653092227,8.722631564703176,2.169085369002737,1.3901960784313725,0.17647058823529413,36,38,3,19,49,55,6,19,13,3
2018,29,1384,17.74649727441767,18.632974568704213,10.365615511571946,8.076550050191203,25.82304732460887,28.99859008027616,-3.1755427556672893,28.99859008027616,25.82304732460887,10.622723167227207,31.153500125311368,19.677185486244433,10.69890379485582,16.80218999320482,7.9219092875749455,0.7549261083743842,0.44252873563218387,28,28,10,14,47,32,13,14,24,12
2019,40,2029,9.306479225189246,12.90608828098477,3.86018806458138,9.169448349890965,18.475927575080213,16.76627634556615,1.709651229514061,16.76627634556615,18.475927575080213,10.124741034159486,16.150766551981842,26.507689674321803,9.610368347070475,9.733935546903364,8.557928665520631,1.2180555555555554,0.2791666666666667,20,24,8,21,31,52,18,21,17,15
2020,70,3127,9.80677485639358,12.740474077353847,2.043108451361952,4.065915053508062,13.872689909901645,14.7835825287158,-0.910892618814154,14.7835825287158,13.872689909901645,11.190058456555473,23.279819335761896,15.657089475962422,5.703452732885111,5.002027303571249,4.906891346789045,0.6476190476190475,0.18333333333333335,26,40,7,13,70,49,23,13,16,14
2021,71,3211,11.553735643976374,8.876266289693277,3.182005578098689,7.0928912290929675,18.64662687306934,12.058271867791966,6.588355005277375,12.058271867791966,18.64662687306934,4.446631087988755,30.618641062885466,11.157316983588839,7.970104338036487,7.793016371997432,2.7540278918305474,0.5070422535211268,0.19812206572769953,37,30,11,27,101,40,22,27,27,11
2022,34,1470,8.136944895208988,21.4582978621859,7.394161117744372,5.219051275001073,13.355996170210059,28.852458979930276,-15.496462809720212,28.852458979930276,13.355996170210059,17.10980470848661,23.121792823493237,24.35560931295767,3.5077667430608606,11.881798149518435,5.949262629165712,0.7666369578134283,0.37450980392156863,15,29,10,9,38,36,3,9,17,8
2023,67,3323,11.928224277559284,22.299367964361256,1.715324476518506,12.564497857938125,24.49272213549741,24.01469244087976,0.4780296946176482,24.01469244087976,24.49272213549741,10.97133827201232,29.788010897506535,29.242744373448236,12.191308199556504,9.019957659056473,1.4226539072597406,1.1803482587064675,0.22661691542288556,35,72,4,38,111,98,46,46,28,6
2024,75,3477,10.636774175712594,9.671003155998276,2.9333311273738083,8.616019367161085,19.25279354287368,12.604334283372085,6.648459259501595,12.604334283372085,19.25279354287368,5.4142163592665735,24.28082516060348,12.631108336631975,8.294657254120825,5.047414214014442,5.461055208127807,0.3997142857142857,0.15111111111111108,43,34,9,32,92,45,25,34,17,19
2025,72,3657,25.69756730042731,17.414468748143534,11.65048083751922,12.18788928211635,37.885456582543654,29.064949585662752,8.820506996880903,29.064949585662752,37.885456582543654,5.73812905819672,38.021873471530604,23.679665340601154,5.714969910833407,17.639773717892396,2.8569927633663568,1.063150352733686,0.538723544973545,96,68,39,51,140,95,16,53,64,10
